{
  "project_info": {
    "project_number": "867520811073",
    "project_id": "tricykol-4211f",
    "storage_bucket": "tricykol-4211f.firebasestorage.app"
  },
  "client": [
    {
      "client_info": {
        "mobilesdk_app_id": "1:867520811073:android:27194a0f02d7de9be276c0",
        "android_client_info": {
          "package_name": "com.jurj.tricykol"
        }
      },
      "oauth_client": [
        {
          "client_id": "867520811073-6i29tmgdp2jq3u9c0ttpkqpobcomrg07.apps.googleusercontent.com",
          "client_type": 1,
          "android_info": {
            "package_name": "com.jurj.tricykol",
            "certificate_hash": "9cddbf963883047fd7df12da3ad146f7f1f38a27"
          }
        },
        {
          "client_id": "867520811073-ak1eukdgbn0ftjnjvvmr4ub10pk1apfu.apps.googleusercontent.com",
          "client_type": 3
        }
      ],
      "api_key": [
        {
          "current_key": "AIzaSyAdv-kwfLFs0p9K6iyNIQ_J5DdlRhp7MGU"
        }
      ],
      "services": {
        "appinvite_service": {
          "other_platform_oauth_client": [
            {
              "client_id": "867520811073-ak1eukdgbn0ftjnjvvmr4ub10pk1apfu.apps.googleusercontent.com",
              "client_type": 3
            },
            {
              "client_id": "867520811073-4hkcfdu6kodnk0b5mps8u8o6sk4daa5r.apps.googleusercontent.com",
              "client_type": 2,
              "ios_info": {
                "bundle_id": "com.jurj.tricykol"
              }
            }
          ]
        }
      }
    }
  ],
  "configuration_version": "1"
}